{
  "id": "",
  "name": "",
  "font_family": "iconfont",
  "css_prefix_text": "icon-",
  "description": "",
  "glyphs": [
    {
      "icon_id": "348551",
      "name": "google",
      "font_class": "google",
      "unicode": "eb07",
      "unicode_decimal": 60167
    },
    {
      "icon_id": "792496",
      "name": "bird-小鸟",
      "font_class": "birdxiaoniao",
      "unicode": "e736",
      "unicode_decimal": 59190
    },
    {
      "icon_id": "1013076",
      "name": "人",
      "font_class": "wo",
      "unicode": "e663",
      "unicode_decimal": 58979
    },
    {
      "icon_id": "1567548",
      "name": "instagram",
      "font_class": "instagram",
      "unicode": "e664",
      "unicode_decimal": 58980
    },
    {
      "icon_id": "2187799",
      "name": "照相",
      "font_class": "zhaoxiang",
      "unicode": "e618",
      "unicode_decimal": 58904
    },
    {
      "icon_id": "4187234",
      "name": "文件夹",
      "font_class": "wenjianjia",
      "unicode": "e640",
      "unicode_decimal": 58944
    },
    {
      "icon_id": "5152778",
      "name": "电话",
      "font_class": "dianhua",
      "unicode": "e601",
      "unicode_decimal": 58881
    },
    {
      "icon_id": "5699518",
      "name": "微信",
      "font_class": "weixin",
      "unicode": "e62f",
      "unicode_decimal": 58927
    },
    {
      "icon_id": "8760034",
      "name": "pinterest",
      "font_class": "pinterest",
      "unicode": "e61f",
      "unicode_decimal": 58911
    },
    {
      "icon_id": "10971987",
      "name": "facebook",
      "font_class": "facebook",
      "unicode": "e686",
      "unicode_decimal": 59014
    }
  ]
}
